time,temperature,supersaturation,growth rate,nucleation rate,transform time,concentration,"$\mu_{s,0}$","$\mu_{s,1}$","$\mu_{s,2}$","$\mu_{s,3}$","$\mu_{s,4}$","$\mu_{n,0}$","$\mu_{n,1}$","$\mu_{n,2}$","$\mu_{n,3}$","$\mu_{n,4}$",PDF for size=0
min,$^oC$,-,$\mu m/min$,$1/(\mu m^3*min)$,\mu m,g/L,$1/\mu m^3$,$1/\mu m^2$,$1/\mu m$,-,$\mu m$,$1/\mu m^3$,$1/\mu m^2$,$1/\mu m$,-,$\mu m$,$1/\mu m^4$
0.0,32.0,0.0,0.0,0.0,0,492.9904,4.710811560361758e-13,4.7108115603617594e-11,4.720213145762058e-09,4.73922160591736e-07,4.7672612146351655e-05,0.0,0.0,0.0,0.0,0.0,0
1.0,31.95,0.0017154848481482933,1.5575302879889077,1.6061903362813744e-16,0.7787651439944538,492.990379445209,4.710811560361758e-13,4.742987013311239e-11,4.784795719908972e-09,4.836637676793283e-07,4.898140269319506e-05,5.818295530554496e-17,1.952543674313929e-17,1.1401974315310334e-17,8.469547185893165e-18,6.353414294967722e-18,1.0312417990633729e-16
2.0,31.9,0.00343498027976225,3.894626531172953,5.979418131728343e-16,3.504843553575384,492.9902960206293,4.710811560361758e-13,4.8692803122169825e-11,5.042564382229005e-09,5.232014792517724e-07,5.438301554583539e-05,4.121552145190971e-16,6.355534071372605e-16,1.459017341364736e-15,3.9464825461956375e-15,1.1105315338315558e-14,1.5352994912011523e-16
3.0,31.85,0.005158437000398195,6.6614648913933365,1.4298831817019367e-15,8.782889264858529,492.99011984024986,4.710811560361758e-13,5.116486517619821e-11,5.566636691246435e-09,6.066991085899191e-07,6.623271929665273e-05,1.3843645293418595e-15,5.235863378800337e-15,2.848677047812182e-14,1.8473841271405555e-13,1.3039910514773379e-12,2.146499613845232e-16
4.0,31.8,0.006885781274988918,9.753131175711893,2.971102441683317e-15,16.990187298411144,492.98980923815316,4.710811560361758e-13,5.5019900024343235e-11,6.435570122794177e-09,7.53901046947542e-07,8.844600654446392e-05,3.506360923527428e-15,2.4776401178603057e-14,2.522012746767527e-13,3.0315699348925015e-12,3.960578673500687e-11,3.0463062458159263e-16
5.0,31.75,0.008616887305782958,13.11319006178244,5.8538820346814556e-15,28.42334791715831,492.9892973698022,4.710811560361758e-13,6.039615692317925e-11,7.752789966719782e-09,9.96467283825576e-07,0.00012823924116873777,7.770480568540904e-15,8.769544575948371e-14,1.4501441068112084e-12,2.8430188652235662e-11,6.130641636266324e-10,4.46411743221981e-16
6.0,31.7,0.010351547915819739,16.70524318604309,1.1275342270461292e-14,43.33256454107108,492.98847812543204,4.710811560361758e-13,6.74110816438771e-11,9.65600147977554e-09,1.3845784341135636e-06,0.00019874916868644024,1.605503542583349e-14,2.610782564819266e-13,6.354219765780285e-12,1.8475388924161338e-10,5.94395937082412e-09,6.749582837489983e-16
7.0,31.65,0.012089433598102122,20.50320103957826,2.1433003509715272e-14,61.936786653881754,492.9871865233203,4.710811560361758e-13,7.616753040642049e-11,1.2324847889569644e-08,1.995959490765709e-06,0.00032351829746300064,3.188758654927256e-14,6.962241668890289e-13,2.325884370647409e-11,9.373995006351415e-10,4.200193373579218e-08,1.0453491368661006e-15
8.0,31.6,0.013830034914664715,24.48682827328573,4.0255910497801765e-14,84.43180131031374,492.985171211691,4.710811560361758e-13,8.675757015256495e-11,1.598745900456013e-08,2.9480159476631013e-06,0.0005439756737021888,6.178562922994358e-14,1.7243566712079289e-12,7.520944367198632e-11,4.0049375318091875e-09,2.3881950134078905e-07,1.643982227854293e-15
9.0,31.55,0.015572580366265909,28.639259013964185,7.459780102142997e-14,110.9948449539387,492.9820553513336,4.710811560361758e-13,9.926459827734939e-11,2.0926281897376458e-08,4.413697146939184e-06,0.00093141645987536,1.1752890406354049e-13,4.048790048106591e-12,2.2201095620758863e-10,1.5034808136136284e-08,1.1483893195625372e-06,2.6047392142742558e-15
10.0,31.5,0.017315912353634614,32.94531851864727,1.3617672381186146e-13,141.7871337202444,492.9772775998787,4.710811560361758e-13,1.1376452376394512e-10,2.7483342494624587e-08,6.641927743588385e-06,0.00160581531243692,2.1998334531682558e-13,9.123242360911403e-12,6.114195624789846e-10,5.1141393898715196e-08,4.859674467088207e-06,4.133416519703233e-15
11.0,31.45,0.0190582865631456,37.39008876645541,2.447893001524727e-13,176.95483736279576,492.96999667116097,4.710811560361758e-13,1.303262235653711e-10,3.606479085479903e-08,9.982935066944463e-06,0.0027641924464916665,4.054277220641975e-13,1.9869734786313557e-11,1.592808872066141e-09,1.6081118796272122e-07,1.856741849152709e-05,6.5469034235641045e-15
12.0,31.4,0.020797014233831616,41.95725971476721,4.339165020950164e-13,216.62851160340708,492.95892101939296,4.710811560361758e-13,1.4901129475245352e-10,4.7144498968374297e-08,1.4918899189528819e-05,0.004722210743555511,7.36160655599799e-13,4.2014211009971236e-11,3.9611402080497965e-09,4.7397112606516067e-07,6.524035404855053e-05,1.0341869441542576e-14
13.0,31.35,0.022527769936273423,46.62660961660413,7.612224213577232e-13,260.92044626909274,492.9419790551636,4.710811560361758e-13,1.6987285773268388e-10,6.1266103482021e-08,2.209980775853575e-05,0.007973246682801171,1.318865596935891e-12,8.654243936765386e-11,9.464615558484866e-09,1.3224294903720498e-06,0.00021365630173687447,1.632592263552968e-14
14.0,31.3,0.02424318329620554,51.36935847036642,1.3296112362951599e-12,309.91843031257804,492.9156482087583,4.710811560361758e-13,1.9295274067301906e-10,7.904217436307502e-08,3.2383389574890764e-05,0.013269231701788507,2.338056653867481e-12,1.742192547196921e-10,2.183405253101883e-08,3.517921799758513e-06,0.0006584911422136977,2.5883352953729728e-14
15.0,31.25,0.02592991034458044,56.138803288410585,2.331409757788266e-12,363.6725111919665,492.87356059212806,4.710811560361758e-13,2.1827550438882512e-10,1.0114756976700353e-07,4.6875838251819283e-05,0.02172645687318855,4.1206723861348e-12,3.440576822420321e-10,4.88384933921814e-08,8.972210862269365e-06,0.0019238056085578638,4.152938112718137e-14
16.0,31.2,0.027562542953183212,60.85093628482532,4.142003074905306e-12,422.16738097858445,492.8036068237034,4.710811560361758e-13,2.458359842806329e-10,1.2830029018031687e-07,6.696435147765856e-05,0.03495390250925384,7.266550526725236e-12,6.696212506177845e-10,1.063560250719429e-07,2.2037142387444584e-05,0.005356588030189781,6.806802537134036e-14
17.0,31.15,0.029091119469376092,65.34458185652989,7.512194496664655e-12,485.2651400492621,492.68200667145635,4.710811560361758e-13,2.7557343070903103e-10,1.612147555630969e-07,9.431896957675187e-05,0.05518506646794917,1.2916680759365682e-11,1.2911635569898815e-09,2.2639674128369209e-07,5.231292819693904e-05,0.014268053956431302,1.1496277553903975e-13
18.0,31.1,0.030416371373375203,69.3022893359078,1.3925842339122003e-11,552.5885756454809,492.46158045241725,4.710811560361758e-13,3.0731854709887895e-10,2.004945555962968e-07,0.0001308090747650784,0.0853484525327796,2.3291487430554272e-11,2.478792139278142e-09,4.72634169165792e-07,0.00012029022539675332,0.03641962706077917,2.009434677060021e-13
19.0,31.05,0.031344563701560635,72.10741935651069,2.6092594831329937e-11,623.2934299916901,492.05040747537845,4.710811560361758e-13,3.4068909244118604e-10,2.463982558559812e-07,0.00017821097564469613,0.12889895669257584,4.266942444996222e-11,4.748156109546157e-09,9.684643170722758e-07,0.00026775703401420874,0.08892478302613463,3.618572827065679e-13
20.0,31.0,0.031522116152458826,72.64706820788729,4.790440748104435e-11,695.6706737738891,491.2810783679109,4.710811560361758e-13,3.749029895277607e-10,2.983706041069563e-07,0.00023746932018470774,0.18900524363883792,7.870326129844206e-11,9.02560627656316e-09,1.937336838561232e-06,0.0005731096408806046,0.20598887819237263,6.594128113189758e-13
21.0,30.95,0.03040601057644467,69.27113032953021,8.127680142623867e-11,766.6297730425979,489.89728494019715,4.710811560361758e-13,4.0851936491108043e-10,3.542756641200814e-07,0.0003072430372681468,0.26646196776669967,1.4245513200854028e-10,1.6699315674951402e-08,3.7192399376206094e-06,0.001159162192855771,0.44419966020846774,1.1733142080921185e-12
22.0,30.9,0.027468040866207317,60.57568787748962,1.170591884591751e-10,831.5531821461078,487.6515397495748,4.710811560361758e-13,4.3932017073426783e-10,4.097101488695237e-07,0.0003821049889196213,0.3563685875524417,2.4227164542895815e-10,2.900648475985394e-08,6.636759702419522e-06,0.0021486344547693736,0.8643367816081874,1.9324450544568256e-12
23.0,30.85,0.022803257594789284,47.38072584972407,1.321823467691898e-10,885.5313890097146,484.59338494731827,4.710811560361758e-13,4.6486611363489544e-10,4.5874265734981385e-07,0.0004527095386721484,0.4467655824113966,3.6954823952786914e-10,4.5384719067297514e-08,1.060856539006588e-05,0.00352739237054127,1.4682963546078374,2.789791511181747e-12
24.0,30.8,0.01750725065116954,33.42670002554876,1.1550092685388467e-10,925.9351019473511,481.2452598238244,4.710811560361758e-13,4.838426621126257e-10,4.969594649603748e-07,0.0005104419217239205,0.5243007688089144,4.956243720494827e-10,6.271993739633661e-08,1.4929228584589691e-05,0.005056449145543461,2.1528613889672776,3.4553493693844973e-12
25.0,30.75,0.012891355540414049,22.31721228125372,8.419468774146891e-11,953.8070581007523,478.2278476941842,4.710811560361758e-13,4.968232315384033e-10,5.239815650709181e-07,0.0005526348082451183,0.5828660914954906,5.956949708755838e-10,7.773522385415695e-08,1.8786773714460304e-05,0.006444309401031809,2.7837377224195894,3.772634623016593e-12
26.0,30.7,0.009528274692154321,14.974235038461417,5.72113141096711e-11,972.4527817606099,475.8093814118141,4.710811560361758e-13,5.054697901769658e-10,5.423783647562572e-07,0.0005819924468081901,0.6245114096554748,6.656437712515206e-10,8.93096099647365e-08,2.1848903837674546e-05,0.007561144313355013,3.296838653657606,3.820650201010167e-12
27.0,30.65,0.007308766725952863,10.551641407173245,3.95765054696214e-11,985.2157199834272,473.93536223428634,4.710811560361758e-13,5.113904233775501e-10,5.551584478376668e-07,0.0006026830410238788,0.6542878229379313,7.13305770671453e-10,9.797598162829111e-08,2.420148816574333e-05,0.008428614466782839,3.698391518284009,3.7507439783460034e-12
28.0,30.6,0.005905770621203907,7.9639933663920255,2.9192976742383766e-11,994.4735373702099,472.44935210012244,4.710811560361758e-13,5.156973362504833e-10,5.645487139209622e-07,0.000618038434945486,0.6766082058896662,7.472150056676858e-10,1.0465306763540584e-07,2.6053574684283972e-05,0.009117529278626125,4.0190719160158155,3.665620424243175e-12
29.0,30.55,0.0050274252002652986,6.439053387735179,2.3237722983099866e-11,1001.6750607472735,471.21249550340036,4.710811560361758e-13,5.190590088877345e-10,5.719328176725948e-07,0.0006302033836445876,0.6944229363515122,7.731559411241272e-10,1.1007805485946292e-07,2.7585692980903964e-05,0.009691552290458797,4.287440111188662,3.6088725444274215e-12
30.0,30.5,0.004471085273158829,5.515576446364141,1.9798203691844147e-11,1007.6523756643231,470.1286539786853,4.710811560361758e-13,5.218573907023941e-10,5.7811621410093e-07,0.000640450856226554,0.7095189525002256,7.945199960450302e-10,1.1473437578512386e-07,2.8921029459172423e-05,0.0101949737869361,4.5236584141015035,3.5895076216186056e-12
31.0,30.45,0.00410842637932628,4.932845150406885,1.77693606742211e-11,1012.8765864627086,469.13707915833123,4.710811560361758e-13,5.243085050166587e-10,5.835595908945186e-07,0.0006495174145098756,0.722942648365654,8.132173062054007e-10,1.1891701080556633e-07,3.0136672562296238e-05,0.010655847901806383,4.74060616714371,3.6022538985954988e-12
32.0,30.4,0.003861279753339073,4.544970660570148,1.6535997318520734e-11,1017.6154943681971,468.2008366298354,4.710811560361758e-13,5.265352086159224e-10,5.885267126029335e-07,0.0006578277051639984,0.7353016389770757,8.303209858581016e-10,1.2280127669549328e-07,3.127916130133845e-05,0.011091254449301959,4.94616876093772,3.63830672483293e-12
33.0,30.35,0.0036829688470729574,4.269993661700765,1.5754983404411016e-11,1022.0229765293326,467.29791060594783,4.710811560361758e-13,5.286081542077183e-10,5.931697655804336e-07,0.0006656275910134975,0.746949014570585,8.464384935378556e-10,1.264903998420598e-07,3.2376092360586745e-05,0.011511381588991586,5.145068794362824,3.6896971407062254e-12
34.0,30.3,0.0035460000785966263,4.061635520800703,1.5233078088514964e-11,1026.1887911205833,466.41535384332315,4.710811560361758e-13,5.305685958798613e-10,5.975776137898092e-07,0.0006730606587638428,0.7580910531949324,8.619164306011412e-10,1.3004503936793283e-07,3.3443640275470783e-05,0.011922221868456725,5.34009190612342,3.7504788429445154e-12
35.0,30.25,0.003434355499570536,3.893691491337206,1.4860802087081186e-11,1030.1664546266522,465.54563323279035,4.710811560361758e-13,5.324411632464996e-10,6.018031221872833e-07,0.0006802120270828677,0.7688496178030458,8.769540198674617e-10,1.3350099368123938e-07,3.449120720156274e-05,0.012327260362949469,5.532860769484604,3.8166357350457565e-12
36.0,30.2,0.0033387766703738514,3.7512943178148723,1.4576112955930248e-11,1033.9889475312282,464.68439863002084,4.710811560361758e-13,5.342410645863851e-10,6.058786890960298e-07,0.0006871334586324112,0.7792982334006131,8.916669410152256e-10,1.3687967281039943e-07,3.55242386747504e-05,0.012728506989584512,5.724311251435448,3.885622326861527e-12
37.0,30.15,0.0032539259455808805,3.6259676750677907,1.4343961777526364e-11,1037.6775785276695,463.82914282170896,4.710811560361758e-13,5.359781536462323e-10,6.098250709116637e-07,0.0006938577204484452,0.7894828567701698,9.061235926828514e-10,1.401942262409341e-07,3.654590260799422e-05,0.013127117234077421,5.914980106262995,3.955898966269243e-12
38.0,30.1,0.0031767072257048792,3.5128184287992923,1.4144610602698434e-11,1041.246971579603,462.9784105248725,4.710811560361758e-13,5.376592165906146e-10,6.136563683076369e-07,0.0007004067384033657,0.7994337317862226,9.203657043221e-10,1.434530839021167e-07,3.755807375983237e-05,0.013523758878130317,6.105175639487231,4.026570370599305e-12
39.0,30.05,0.003105289716880126,3.4089498773132627,1.3966928063597888e-11,1044.7078557326593,462.1313394902045,4.710811560361758e-13,5.392892504322836e-10,6.173828227174237e-07,0.0007067961867852979,0.8091720873446987,9.344199852213695e-10,1.46661975936696e-07,3.8561901137658104e-05,0.013918824896415714,6.295077144330307,4.0971350610193815e-12
40.0,30.0,0.003038551291238,3.3125747351041297,1.3804570725001488e-11,1048.068618038868,461.28739935332743,4.710811560361758e-13,5.408721742477336e-10,6.210123740676963e-07,0.0007130380490106934,0.8187138818023659,9.48304641105854e-10,1.4982506939249987e-07,3.955812884627193e-05,0.014312554663041962,6.4847916915124415,4.167323556118213e-12
41.0,29.95,0.0029757662589775754,3.222524638745471,1.3653832477346258e-11,1051.3361677257928,460.446245411765,4.710811560361758e-13,5.4241122496239e-10,6.245515266497143e-07,0.0007191420400352597,0.8280718824958878,9.620329847022524e-10,1.5294560187774219e-07,4.05472745763332e-05,0.014705101829156004,6.674386022546848,4.236998629329858e-12
42.0,29.9,0.0029164331521318813,3.1379822693187367,1.3512453785377232e-11,1054.5164211798249,459.60763808994903,4.710811560361758e-13,5.43909179523785e-10,6.280058329079589e-07,0.0007251163978446669,0.8372568188495182,9.756154187213548e-10,1.5602623271835363e-07,4.1529727279379896e-05,0.015096571699695424,6.863904151970162,4.306096282790921e-12
43.0,29.85,0.0028601809173535793,3.0583362814311426,1.3378973554032826e-11,1057.6145804551998,458.7713991136253,4.710811560361758e-13,5.453684820026401e-10,6.313801677901433e-07,0.0007309683286381933,0.8462780261090869,9.890605208844014e-10,1.590692378679432e-07,4.25057999643784e-05,0.015487041558628765,7.053376957589967,4.3745920405365495e-12
44.0,29.8,0.002806717061055518,2.9831013467779854,1.3252372955692424e-11,1060.6352992693044,457.9373872993107,4.710811560361758e-13,5.467913209293116e-10,6.346788933938603e-07,0.0007367042704095521,0.8551438215324112,1.0023756549133803e-09,1.6207662224053653e-07,4.34757586883137e-05,0.015876571879565753,7.242827474137818,4.442481637442913e-12
45.0,29.75,0.0027558004141571444,2.9118758538909044,1.3131894023261415e-11,1063.5827878696389,457.1054858191669,4.710811560361758e-13,5.481796768921169e-10,6.379059584105104e-07,0.0007423300490940533,0.8638617229218367,1.0155673046004152e-09,1.6505018343175807e-07,4.443983771703977e-05,0.016265212205214815,7.4322736684441475,4.509771254744369e-12
46.0,29.7,0.002707225166258405,2.844316955651245,1.3016936673263214e-11,1066.4608842744099,456.27559472660784,4.710811560361758e-13,5.495353548118947e-10,6.410649645351106e-07,0.0007478509811706367,0.8724385898009468,1.0286412778943683e-09,1.679915520209785e-07,4.539824836433566e-05,0.01665300458714727,7.62173006334249,4.576471917941652e-12
47.0,29.65,0.002660811322625496,2.7801254670083173,1.2907000415579276e-11,1069.2731054857397,455.4476264771487,4.710811560361758e-13,5.508600115313982e-10,6.441592218612476e-07,0.0007532719568392608,0.8808807341654441,1.041602845996184e-09,1.7090222156225842e-07,4.635118438110342e-05,0.01703998562544034,7.81120869384251,4.642596375144339e-12
48.0,29.6,0.0026164003286795077,2.719038443462195,1.2801664209353622e-11,1072.022687440975,454.6215038388653,4.710811560361758e-13,5.521551700496906e-10,6.471917771633183e-07,0.0007585974820218345,0.8891939757641676,1.0544568108351873e-09,1.7378356337080134e-07,4.729882438830792e-05,0.017426187416979745,8.000719550766942,4.70815859192232e-12
49.0,29.55,0.0025738500546161804,2.660821191010454,1.2700557556452194e-11,1074.7126172582114,453.797157534642,4.710811560361758e-13,5.534222363116387e-10,6.501654472889915e-07,0.0007638317279508552,0.8973837072867984,1.0672075824860209e-09,1.7663684388081612e-07,4.824133470478175e-05,0.01781163862328924,8.190271083886499,4.773172131731679e-12
50.0,29.5,0.00253303263265544,2.6052634485647728,1.2603353158253326e-11,1077.345659577999,452.9745251977385,4.710811560361758e-13,5.546625117641823e-10,6.530828436283357e-07,0.0007689785665918417,0.905454939462121,1.079859224192422e-09,1.7946323594734113e-07,4.917887065383088e-05,0.01819636493010016,8.37987041304478,4.8376501674701856e-12
51.0,29.45,0.002493832621699581,2.5521761664140956,1.2509760687727024e-11,1079.9243793854885,452.1535504856362,4.710811560361758e-13,5.558772040555251e-10,6.55946392983711e-07,0.0007740416008793879,0.9134123395770317,1.0924154906483649e-09,1.8226382850165056e-07,5.011157768829899e-05,0.018580389437093312,8.569523508036006,4.90160548176567e-12
52.0,29.4,0.00245614531633198,2.5013886049439784,1.2419520361714548e-11,1082.4511617711676,451.3341822678692,4.710811560361758e-13,5.570674360312942e-10,6.587583551686142e-07,0.000779024190304674,0.9212602642190203,1.1048798613381495e-09,1.8503963483951986e-07,5.103959241528893e-05,0.018963733017225846,8.75923535641178,4.965050347302073e-12
53.0,29.35,0.0024198753912798,2.45274599120929,1.233239820820168e-11,1084.9282290692443,450.5163739728959,4.710811560361758e-13,5.58234253876826e-10,6.615208389048828e-07,0.000783929473957498,0.9290027886263498,1.1172555692780997e-09,1.8779159996618064e-07,5.196304344989257e-05,0.01934641460322862,8.949010096841437,5.02799647921201e-12
54.0,29.3,0.0023849358787066074,2.406107705457849,1.2248183271462474e-11,1087.3576559175779,449.7000830909209,4.710811560361758e-13,5.593786344935787e-10,6.642358161914077e-07,0.000788760391275126,0.9366437329672199,1.129545625434243e-09,1.9052060706911883e-07,5.288205210518361e-05,0.01972845140248685,9.138851117962039,5.090455112911005e-12
55.0,29.25,0.0023512471588245415,2.3613455523914464,1.216668409678628e-11,1089.7413825465026,448.8852706877002,4.710811560361758e-13,5.605014915246048e-10,6.669051340915821e-07,0.0007935196991584285,0.9441866841777868,1.1417528400461535e-09,1.9322748299205686e-07,5.3796733042429706e-05,0.02010985911034794,9.328761158544113,5.152436958862079e-12
56.0,29.2,0.002318736221181293,2.318342450608151,1.2087726919066298e-11,1092.0812265480024,448.07190104428105,4.710811560361758e-13,5.616036806366734e-10,6.695305250311526e-07,0.0007982099868541476,0.9516350148263256,1.153879840178093e-09,1.959130028931835e-07,5.47071947744452e-05,0.020490652065978818,9.518742380148282,5.213952285563087e-12
57.0,29.15,0.0022873359299871217,2.2769911739354844,1.201115328164157e-11,1094.3788933602743,447.2599413021686,4.710811560361758e-13,5.626860049022791e-10,6.721136173209241e-07,0.0008028336911991195,0.9589919024712843,1.1659290874440227e-09,1.9857789500736086e-07,5.561354019143025e-05,0.02087084340528902,9.708796437857755,5.2750109087519415e-12
58.0,29.1,0.002256984401923639,2.2371932826587386,1.1936818138059785e-11,1096.6359855885714,446.4493611621874,4.710811560361758e-13,5.637492190137459e-10,6.746559434043761e-07,0.0008073931085870301,0.9662603448928537,1.177902892272402e-09,2.012228444240782e-07,5.651586699378367e-05,0.02125044519168369,9.898924541710867,5.3356221970565544e-12
59.0,29.05,0.002227624593203244,2.1988583630673135,1.1864589435231313e-11,1098.8540114114344,445.6401326794274,4.710811560361758e-13,5.647940330252264e-10,6.771589471492653e-07,0.0008118904054834703,0.9734431733627905,1.1898034255089612e-09,2.0384849630910362e-07,5.741426801422988e-05,0.021629468502730398,10.08912749660564,5.395795215604846e-12
60.0,29.0,0.002199203667437152,2.161903008811885,1.1794345266111846e-11,1101.034392097374,444.8322299629343,4.710811560361758e-13,5.658211163918849e-10,6.796239918001419e-07,0.0008163276300326832,0.9805430675036608,1.2016327323439925e-09,2.064554595979179e-07,5.830883167288088e-05,0.022007923560879317,10.279405763443867,5.455538577835484e-12
61.0,28.95,0.002171672710465615,2.1262502818363678,1.1725973894080974e-11,1103.178468742698,444.0256290321959,4.710811560361758e-13,5.668311004405789e-10,6.820523647891705e-07,0.0008207067189919986,0.9875625640405107,1.2133927400925926e-09,2.0904430913608546e-07,5.9199642193207405e-05,0.022385819794544827,10.469759488201035,5.514860594846653e-12
62.0,28.9,0.002144986292756283,2.0918289953172153,1.165937205663996e-11,1105.2875083812748,443.22030760761976,4.710811560361758e-13,5.678245820020467e-10,6.844452848786943e-07,0.0008250295081248742,0.9945040700321833,1.2250852697267086e-09,2.1161558889477188e-07,6.0086779966194773e-05,0.022763165927012014,10.660188542066328,5.573769214759295e-12
63.0,28.85,0.0021191021953658874,2.0585732278581994,1.1594444540955218e-11,1107.3627094928625,442.4162449753497,4.710811560361758e-13,5.688021252605652e-10,6.86803905779797e-07,0.0008292977374485582,1.0013698695480646,1.236712042167157e-09,2.141698136389254e-07,6.0970321741995216e-05,0.023139970035257116,10.85069255024026,5.632272092170567e-12
64.0,28.8,0.002093981112896083,2.026421823504682,1.153110331373142e-11,1109.405207018544,441.61342184328635,4.710811560361758e-13,5.69764264915578e-10,6.891293223686953e-07,0.0008335130602659995,1.008162135127225,1.2482746877058306e-09,2.1670747166339107e-07,6.185034092142549e-05,0.023516239609152178,11.041270917224695,5.690376593846813e-12
65.0,28.75,0.002069586420711198,1.995317988375179,1.146926706125061e-11,1111.4160769244838,440.81182022682674,4.710811560361758e-13,5.707115074783562e-10,6.914225732287938e-07,0.0008376770468652515,1.0148829325116393,1.2597747507300232e-09,2.1922902600248194e-07,6.272690770700075e-05,0.023891981601917668,11.231922852269754,5.7480898423565195e-12
66.0,28.7,0.002045883859235902,1.9652087941879008,1.140885973409457e-11,1113.3963403157654,440.01142329932895,4.710811560361758e-13,5.716443339968652e-10,6.936846460368838e-07,0.0008417911923924523,1.0215342307058277,1.2712136982923753e-09,2.2173491686026623e-07,6.360008939035601e-05,0.024267202493119262,11.422647397011373,5.805418624136142e-12
67.0,28.65,0.00202284143966982,1.9360449750452426,1.1349811081924423e-11,1115.346967200382,439.21221534115745,4.710811560361758e-13,5.725632011216264e-10,6.959164796328936e-07,0.0008458569198227141,1.028117905703834,1.2825929232774308e-09,2.2422556251502048e-07,6.446995043502327e-05,0.02464190830984611,11.613443436142035,5.8623695359448935e-12
68.0,28.6,0.002000429173640571,1.90778050925093,1.1292055328260244e-11,1117.2688799425302,438.4141816121695,4.710811560361758e-13,5.734685433493465e-10,6.981189684670025e-07,0.0008498755864784118,1.0346357488414053,1.2939137515460656e-09,2.2670136134056947e-07,6.53365527243332e-05,0.025016104680625456,11.804309721025637,5.918948890349001e-12
69.0,28.55,0.001978618977494616,1.8803724311262802,1.1235531429612182e-11,1119.1629564127188,437.617308301779,4.710811560361758e-13,5.743607740276932e-10,7.00292964562915e-07,0.0008538484868648316,1.0410894703754094,1.3051774449705248e-09,2.2916269267457552e-07,6.619995564898741e-05,0.02538979685625349,11.995244879897056,5.97516281542294e-12
70.0,28.5,0.001957384512148942,1.8537805679714316,1.1180182592398692e-11,1121.0300329122676,436.821582451404,4.710811560361758e-13,5.752402870961078e-10,7.024392809621185e-07,0.000857776857703248,1.0474807059021498,1.3163852066292847e-09,2.3160991834562736e-07,6.70602162812613e-05,0.025762989741516973,12.186247430919234,6.031017254988827e-12
71.0,28.45,0.0019367009881294196,1.827967240659304,1.1125955326345136e-11,1122.870906816583,436.0269918625414,4.710811560361758e-13,5.761074580826137e-10,7.045586937050149e-07,0.0008616618808520944,1.0538110201409807,1.3275381845373207e-09,2.3404338363870807e-07,6.791738951237194e-05,0.02613568793583856,12.377315802240782,6.086517897515642e-12
72.0,28.4,0.0019165450977749155,1.802897129589881,1.1072799677969493e-11,1124.6863390017077,435.23352506102145,4.710811560361758e-13,5.769626452755529e-10,7.066519441367846e-07,0.000865504686653849,1.0600819111654913,1.3386374748619277e-09,2.3646341828472753e-07,6.877152815072409e-05,0.026507895746870885,12.568448337168409,6.1416702574085904e-12
73.0,28.35,0.0018968948811095444,1.778537062440256,1.1020668717529037e-11,1126.4770560977227,434.4411712328377,4.710811560361758e-13,5.77806190965085e-10,7.087197413729012e-07,0.000869306357553025,1.0662948150401195,1.3496841257803373e-09,2.388703375743887e-07,6.962268305832475e-05,0.026879617217291055,12.759643305630176,6.1964796518820036e-12
74.0,28.3,0.0018777296452152077,1.7548558731859245,1.0969518492490386e-11,1128.2437525655357,433.64992018378234,4.710811560361758e-13,5.786384221053806e-10,7.10762763603006e-07,0.0008730679299952699,1.0724511082402584,1.3606791396098435e-09,2.4126444295429654e-07,7.047090322040927e-05,0.027250856142031446,12.950898912757706,6.250951237707817e-12
75.0,28.25,0.0018590298737758005,1.7318242527405008,1.0919307816441886e-11,1129.9870926284989,432.8597622952294,4.710811560361758e-13,5.794596516645959e-10,7.127816607749361e-07,0.0008767903983629789,1.078552112677626,1.3716234766115233e-09,2.4364602319643744e-07,7.131623587880429e-05,0.027621616085300164,13.142213304207754,6.305090022363864e-12
76.0,28.2,0.0018407771523772727,1.709414622637946,1.0869998159764207e-11,1131.7077120661882,432.07068848715346,4.710811560361758e-13,5.802701790214809e-10,7.147770553743789e-07,0.0008804747161124369,1.0845990971583153,1.3825180564593836e-09,2.4601535477751516e-07,7.215872658150862e-05,0.027991900396970578,13.33358457506725,6.358900886778288e-12
77.0,28.15,0.001822954030217017,1.6876009341719993,1.0821552819083898e-11,1133.4062198445931,431.2826901541361,4.710811560361758e-13,5.810702909810356e-10,7.167495444587355e-07,0.0008841217987851446,1.0905932812800672,1.3933637616001892e-09,2.4837270282568856e-07,7.29984193132495e-05,0.028361712239898522,13.525010781608419,6.412388497754275e-12
78.0,28.1,0.0018055439939939628,1.6663586086233455,1.0773937197107212e-11,1135.083199615991,430.49575915023934,4.710811560361758e-13,5.81860262484847e-10,7.186997010609348e-07,0.0008877325260516376,1.0965358380195636,1.4041614391127802e-09,2.5071832171556677e-07,7.383535655483118e-05,0.028731054595047566,13.716489942529886,6.4655573784373166e-12
79.0,28.05,0.0017885314227479296,1.645664456051051,1.0727118848457089e-11,1136.7392111483282,429.7098877658408,4.710811560361758e-13,5.826403570782801e-10,7.206280751117906e-07,0.0008913077430565403,1.102427895445083,1.4149119021307325e-09,2.5305245548277e-07,7.466957933053648e-05,0.029099930271122558,13.908020043617023,6.5184119454083404e-12
80.0,28.0,0.0017719015558506673,1.6254966120432728,1.0681067629150515e-11,1138.3747916823754,428.925068710323,4.710811560361758e-13,5.834108279326274e-10,7.225351954759844e-07,0.0008948482634038503,1.1082705405180528,1.4256159324745993e-09,2.5537533868490987e-07,7.550112730116852e-05,0.029468341909788476,14.099599037506934,6.5709565618375904e-12
